LogType,Timestamp,Key,Value
INFO,2025-10-29T23:42:25.893,InputGrab,GameObject
INFO,2025-10-29T23:42:26.195,InputGrabBreak,GameObject
INFO,2025-10-29T23:42:31.264,StageBegin,튜토리얼
INFO,2025-10-29T23:42:31.265,InputGrab,root
WARNING,2025-10-29T23:42:31.278,MissingReference,[ClearManager] StageGoalUI가 할당되지 않았습니다. Inspector에서 할당해주세요.
INFO,2025-10-29T23:42:33.676,CameraRotate,"(-172.25,17.00)"
INFO,2025-10-29T23:42:34.336,InputGrab,Bomb
INFO,2025-10-29T23:42:34.560,InputGrabBreak,Bomb
INFO,2025-10-29T23:42:40.006,CameraZoom,1.000
INFO,2025-10-29T23:42:40.037,CameraZoom,1.000
INFO,2025-10-29T23:42:40.064,CameraZoom,1.000
INFO,2025-10-29T23:42:40.085,CameraZoom,1.000
INFO,2025-10-29T23:42:40.113,CameraZoom,1.000
INFO,2025-10-29T23:42:40.133,CameraZoom,1.000
INFO,2025-10-29T23:42:40.157,CameraZoom,1.000
INFO,2025-10-29T23:42:40.186,CameraZoom,1.000
INFO,2025-10-29T23:42:41.511,CameraRotate,"(-13.00,21.50)"
INFO,2025-10-29T23:42:42.434,CameraPanning,"(-5.01,7.07)"
INFO,2025-10-29T23:42:43.185,CameraPanning,"(-1.31,4.40)"
INFO,2025-10-29T23:42:43.322,CameraZoom,1.000
INFO,2025-10-29T23:42:43.385,CameraZoom,1.000
INFO,2025-10-29T23:42:43.863,InputGrab,Bomb
INFO,2025-10-29T23:42:44.056,InputPushPull,Bomb
INFO,2025-10-29T23:42:44.082,InputPushPull,Bomb
INFO,2025-10-29T23:42:44.104,InputPushPull,Bomb
INFO,2025-10-29T23:42:44.122,InputPushPull,Bomb
INFO,2025-10-29T23:42:44.143,InputPushPull,Bomb
INFO,2025-10-29T23:42:44.163,InputPushPull,Bomb
INFO,2025-10-29T23:42:44.193,InputPushPull,Bomb
INFO,2025-10-29T23:42:44.392,InputGrabBreak,Bomb
INFO,2025-10-29T23:42:49.026,InputGrab,Bomb
INFO,2025-10-29T23:42:49.260,InputGrabBreak,Bomb
INFO,2025-10-29T23:42:50.349,CameraZoom,1.000
INFO,2025-10-29T23:42:50.380,CameraZoom,1.000
INFO,2025-10-29T23:42:50.396,CameraZoom,1.000
INFO,2025-10-29T23:42:50.412,CameraZoom,1.000
INFO,2025-10-29T23:42:50.422,CameraZoom,1.000
INFO,2025-10-29T23:42:50.436,CameraZoom,1.000
INFO,2025-10-29T23:42:50.449,CameraZoom,1.000
INFO,2025-10-29T23:42:50.485,CameraZoom,1.000
INFO,2025-10-29T23:42:50.573,CameraZoom,-1.000
INFO,2025-10-29T23:42:50.602,CameraZoom,-1.000
INFO,2025-10-29T23:42:50.697,CameraZoom,-1.000
INFO,2025-10-29T23:42:50.712,CameraZoom,-1.000
INFO,2025-10-29T23:42:50.724,CameraZoom,-1.000
INFO,2025-10-29T23:42:50.743,CameraZoom,-1.000
INFO,2025-10-29T23:42:50.765,CameraZoom,-1.000
INFO,2025-10-29T23:42:50.873,CameraZoom,1.000
INFO,2025-10-29T23:42:50.887,CameraZoom,1.000
INFO,2025-10-29T23:42:50.902,CameraZoom,1.000
INFO,2025-10-29T23:42:50.913,CameraZoom,1.000
INFO,2025-10-29T23:42:50.927,CameraZoom,1.000
INFO,2025-10-29T23:42:50.940,CameraZoom,1.000
INFO,2025-10-29T23:42:51.022,CameraZoom,-1.000
INFO,2025-10-29T23:42:51.033,CameraZoom,-1.000
INFO,2025-10-29T23:42:51.047,CameraZoom,-1.000
INFO,2025-10-29T23:42:51.060,CameraZoom,-1.000
INFO,2025-10-29T23:42:51.082,CameraZoom,-1.000
INFO,2025-10-29T23:42:51.162,CameraZoom,1.000
INFO,2025-10-29T23:42:51.172,CameraZoom,1.000
INFO,2025-10-29T23:42:51.184,CameraZoom,1.000
INFO,2025-10-29T23:42:51.193,CameraZoom,1.000
INFO,2025-10-29T23:42:51.209,CameraZoom,1.000
INFO,2025-10-29T23:42:51.275,CameraZoom,-1.000
INFO,2025-10-29T23:42:51.286,CameraZoom,-1.000
INFO,2025-10-29T23:42:51.298,CameraZoom,-1.000
INFO,2025-10-29T23:42:51.309,CameraZoom,-1.000
INFO,2025-10-29T23:42:51.333,CameraZoom,-1.000
INFO,2025-10-29T23:42:51.400,CameraZoom,1.000
INFO,2025-10-29T23:42:51.410,CameraZoom,1.000
INFO,2025-10-29T23:42:51.421,CameraZoom,1.000
INFO,2025-10-29T23:42:51.428,CameraZoom,1.000
INFO,2025-10-29T23:42:51.438,CameraZoom,1.000
INFO,2025-10-29T23:42:51.503,CameraZoom,-1.000
INFO,2025-10-29T23:42:51.518,CameraZoom,-1.000
INFO,2025-10-29T23:42:51.532,CameraZoom,-1.000
INFO,2025-10-29T23:42:51.552,CameraZoom,-1.000
INFO,2025-10-29T23:42:51.624,CameraZoom,1.000
INFO,2025-10-29T23:42:51.632,CameraZoom,1.000
INFO,2025-10-29T23:42:51.642,CameraZoom,1.000
INFO,2025-10-29T23:42:51.765,CameraZoom,-1.000
INFO,2025-10-29T23:42:51.895,CameraZoom,-1.000
INFO,2025-10-29T23:42:51.922,CameraZoom,-1.000
INFO,2025-10-29T23:42:51.954,CameraZoom,-1.000
INFO,2025-10-29T23:42:51.974,CameraZoom,-1.000
INFO,2025-10-29T23:42:51.988,CameraZoom,-1.000
INFO,2025-10-29T23:42:52.013,CameraZoom,0.000
INFO,2025-10-29T23:42:52.099,CameraZoom,0.000
INFO,2025-10-29T23:42:52.322,CameraZoom,1.000
INFO,2025-10-29T23:42:52.338,CameraZoom,1.000
INFO,2025-10-29T23:42:52.357,CameraZoom,1.000
INFO,2025-10-29T23:42:52.371,CameraZoom,1.000
INFO,2025-10-29T23:42:52.386,CameraZoom,1.000
INFO,2025-10-29T23:42:52.397,CameraZoom,1.000
INFO,2025-10-29T23:42:52.412,CameraZoom,1.000
INFO,2025-10-29T23:42:52.437,CameraZoom,1.000
INFO,2025-10-29T23:42:54.832,CameraPanning,"(-1.77,3.95)"
INFO,2025-10-29T23:42:54.932,CameraZoom,1.000
INFO,2025-10-29T23:42:54.964,CameraZoom,1.000
INFO,2025-10-29T23:42:55.001,CameraZoom,1.000
INFO,2025-10-29T23:42:55.018,CameraZoom,1.000
INFO,2025-10-29T23:42:55.029,CameraZoom,1.000
INFO,2025-10-29T23:42:55.039,CameraZoom,1.000
INFO,2025-10-29T23:42:55.049,CameraZoom,1.000
INFO,2025-10-29T23:42:55.359,CameraZoom,1.000
INFO,2025-10-29T23:42:55.381,CameraZoom,1.000
INFO,2025-10-29T23:42:55.392,CameraZoom,1.000
INFO,2025-10-29T23:42:55.405,CameraZoom,1.000
INFO,2025-10-29T23:42:55.414,CameraZoom,1.000
INFO,2025-10-29T23:42:55.435,CameraZoom,1.000
INFO,2025-10-29T23:42:55.850,InputGrab,Bomb (4)
INFO,2025-10-29T23:42:56.319,InputGrabBreak,Bomb (4)
INFO,2025-10-29T23:42:57.422,InputGrab,gift (1)
INFO,2025-10-29T23:42:57.582,InputGrabBreak,gift (1)
INFO,2025-10-29T23:42:57.587,InputGrab,gift (1)
INFO,2025-10-29T23:42:57.637,InputGrabBreak,gift (1)
INFO,2025-10-29T23:42:58.578,CameraRotate,"(-7.00,45.25)"
INFO,2025-10-29T23:42:59.191,InputGrab,Bomb (2)
INFO,2025-10-29T23:42:59.431,InputPushPull,Bomb (2)
INFO,2025-10-29T23:42:59.456,InputPushPull,Bomb (2)
INFO,2025-10-29T23:42:59.472,InputPushPull,Bomb (2)
INFO,2025-10-29T23:42:59.497,InputPushPull,Bomb (2)
INFO,2025-10-29T23:42:59.513,InputPushPull,Bomb (2)
INFO,2025-10-29T23:42:59.540,InputGrabBreak,Bomb (2)
INFO,2025-10-29T23:42:59.541,CameraZoom,1.000
INFO,2025-10-29T23:42:59.567,CameraZoom,1.000
INFO,2025-10-29T23:43:00.596,InputGrab,Bomb (2)
INFO,2025-10-29T23:43:01.560,InputGrabBreak,Bomb (2)
INFO,2025-10-29T23:43:03.018,InputGrab,Bomb (2)
INFO,2025-10-29T23:43:03.171,InputGrabBreak,Bomb (2)
INFO,2025-10-29T23:43:03.998,InputGrab,Bomb (2)
INFO,2025-10-29T23:43:04.194,InputPushPull,Bomb (2)
INFO,2025-10-29T23:43:04.211,InputGrabBreak,Bomb (2)
INFO,2025-10-29T23:43:04.241,CameraZoom,1.000
INFO,2025-10-29T23:43:04.250,InputGrab,Bomb (2)
INFO,2025-10-29T23:43:04.274,InputPushPull,Bomb (2)
INFO,2025-10-29T23:43:04.301,InputPushPull,Bomb (2)
INFO,2025-10-29T23:43:04.327,InputPushPull,Bomb (2)
INFO,2025-10-29T23:43:04.348,InputPushPull,Bomb (2)
INFO,2025-10-29T23:43:04.373,InputPushPull,Bomb (2)
INFO,2025-10-29T23:43:04.392,InputPushPull,Bomb (2)
INFO,2025-10-29T23:43:04.627,InputGrabBreak,Bomb (2)
INFO,2025-10-29T23:43:04.971,InputGrab,Bomb (2)
INFO,2025-10-29T23:43:05.560,InputGrabBreak,Bomb (2)
INFO,2025-10-29T23:43:06.461,InputGrab,Bomb (2)
INFO,2025-10-29T23:43:07.232,InputGrabBreak,Bomb (2)
INFO,2025-10-29T23:43:08.725,CameraRotate,"(17.50,-29.75)"
INFO,2025-10-29T23:43:09.383,InputGrab,Bomb (2)
INFO,2025-10-29T23:43:09.853,InputGrabBreak,Bomb (2)
WARNING,2025-10-29T23:43:11.540,MissingManager,[ClearManager] GameManager가 없어 GameClear 로깅 실패
INFO,2025-10-29T23:43:14.613,StageStar,3
INFO,2025-10-29T23:43:14.613,StageClear,튜토리얼
INFO,2025-10-29T23:43:14.997,CameraRotate,"(-63.00,-13.25)"
INFO,2025-10-29T23:43:19.495,InputGrab,NextStage8
INFO,2025-10-29T23:43:19.861,InputGrabBreak,NextStage8
INFO,2025-10-29T23:43:21.935,StageBegin,대한민국 : 첨성대
INFO,2025-10-29T23:43:21.936,InputGrab,root
INFO,2025-10-29T23:43:23.381,InputGrab,Bomb
INFO,2025-10-29T23:43:23.812,InputGrabBreak,Bomb
INFO,2025-10-29T23:43:24.341,InputGrab,Bomb
INFO,2025-10-29T23:43:24.757,InputPushPull,Bomb
INFO,2025-10-29T23:43:24.793,InputPushPull,Bomb
INFO,2025-10-29T23:43:24.823,InputPushPull,Bomb
INFO,2025-10-29T23:43:24.839,InputPushPull,Bomb
INFO,2025-10-29T23:43:24.855,InputPushPull,Bomb
INFO,2025-10-29T23:43:24.865,InputPushPull,Bomb
INFO,2025-10-29T23:43:24.874,InputPushPull,Bomb
INFO,2025-10-29T23:43:24.883,InputPushPull,Bomb
INFO,2025-10-29T23:43:24.898,InputPushPull,Bomb
INFO,2025-10-29T23:43:25.294,InputGrabBreak,Bomb
INFO,2025-10-29T23:43:25.999,InputGrab,Movable (1)
INFO,2025-10-29T23:43:26.913,InputGrabBreak,Movable (1)
INFO,2025-10-29T23:43:27.303,InputGrab,Bomb
INFO,2025-10-29T23:43:28.053,InputGrabBreak,Bomb
INFO,2025-10-29T23:43:28.286,InputGrab,Movable
INFO,2025-10-29T23:43:29.688,InputGrabBreak,Movable
INFO,2025-10-29T23:43:30.164,InputGrab,Movable
INFO,2025-10-29T23:43:31.575,InputGrabBreak,Movable
INFO,2025-10-29T23:43:32.015,InputGrab,Bomb
INFO,2025-10-29T23:43:32.235,InputPushPull,Bomb
INFO,2025-10-29T23:43:32.276,InputPushPull,Bomb
INFO,2025-10-29T23:43:32.296,InputPushPull,Bomb
INFO,2025-10-29T23:43:32.329,InputPushPull,Bomb
INFO,2025-10-29T23:43:32.354,InputPushPull,Bomb
INFO,2025-10-29T23:43:32.382,InputPushPull,Bomb
INFO,2025-10-29T23:43:32.400,InputPushPull,Bomb
INFO,2025-10-29T23:43:32.427,InputPushPull,Bomb
INFO,2025-10-29T23:43:32.470,InputPushPull,Bomb
INFO,2025-10-29T23:43:32.783,InputGrabBreak,Bomb
INFO,2025-10-29T23:43:34.683,CameraRotate,"(-51.00,21.25)"
WARNING,2025-10-29T23:43:35.071,MissingManager,[ClearManager] GameManager가 없어 GameClear 로깅 실패
INFO,2025-10-29T23:43:38.157,StageStar,3
INFO,2025-10-29T23:43:38.157,StageClear,대한민국 : 첨성대
INFO,2025-10-29T23:43:38.270,CameraRotate,"(26.50,10.57)"
INFO,2025-10-29T23:43:39.493,InputGrab,Movable
INFO,2025-10-29T23:43:39.623,InputGrabBreak,Movable
INFO,2025-10-29T23:43:40.286,StageBegin,미국 : 자유의 여신상
INFO,2025-10-29T23:43:40.287,InputGrab,root
WARNING,2025-10-29T23:43:40.299,MissingReference,[ClearManager] StageGoalUI가 할당되지 않았습니다. Inspector에서 할당해주세요.
INFO,2025-10-29T23:43:41.546,InputGrab,Movable
INFO,2025-10-29T23:43:41.933,InputGrabBreak,Movable
INFO,2025-10-29T23:43:43.933,StageRetry,미국 : 자유의 여신상
WARNING,2025-10-29T23:43:43.936,MissingReference,[ClearManager] StageGoalUI가 할당되지 않았습니다. Inspector에서 할당해주세요.
INFO,2025-10-29T23:43:45.238,InputGrab,Bomb
INFO,2025-10-29T23:43:45.701,InputGrabBreak,Bomb
INFO,2025-10-29T23:43:46.822,CameraRotate,"(-8.50,34.00)"
INFO,2025-10-29T23:43:48.297,InputGrab,Bomb
INFO,2025-10-29T23:43:48.965,InputPushPull,Bomb
INFO,2025-10-29T23:43:49.002,InputPushPull,Bomb
INFO,2025-10-29T23:43:49.029,InputPushPull,Bomb
INFO,2025-10-29T23:43:49.048,InputPushPull,Bomb
INFO,2025-10-29T23:43:49.074,InputPushPull,Bomb
INFO,2025-10-29T23:43:49.109,InputPushPull,Bomb
INFO,2025-10-29T23:43:49.159,InputPushPull,Bomb
INFO,2025-10-29T23:43:50.463,InputGrabBreak,Bomb
INFO,2025-10-29T23:43:51.676,InputGrab,Bomb (2)
INFO,2025-10-29T23:43:51.902,InputGrabBreak,Bomb (2)
INFO,2025-10-29T23:43:54.611,InputGrab,Bomb (1)
INFO,2025-10-29T23:43:54.762,InputGrabBreak,Bomb (1)
INFO,2025-10-29T23:43:55.548,InputGrab,Bomb (2)
INFO,2025-10-29T23:43:55.721,InputGrabBreak,Bomb (2)
INFO,2025-10-29T23:43:56.547,InputGrab,Bomb (2)
INFO,2025-10-29T23:43:56.721,InputGrabBreak,Bomb (2)
INFO,2025-10-29T23:43:57.474,InputGrab,Movable (14)
INFO,2025-10-29T23:43:58.128,InputGrabBreak,Movable (14)
INFO,2025-10-29T23:43:58.805,InputGrab,Bomb (1)
INFO,2025-10-29T23:43:59.215,InputGrabBreak,Bomb (1)
INFO,2025-10-29T23:44:01.703,CameraRotate,"(6.75,21.90)"
INFO,2025-10-29T23:44:02.369,InputGrab,Bomb (1)
INFO,2025-10-29T23:44:02.680,InputGrabBreak,Bomb (1)
INFO,2025-10-29T23:44:03.371,InputGrab,Bomb (2)
INFO,2025-10-29T23:44:03.540,InputGrabBreak,Bomb (2)
INFO,2025-10-29T23:44:04.815,InputGrab,Bomb (2)
INFO,2025-10-29T23:44:05.358,InputGrabBreak,Bomb (2)
INFO,2025-10-29T23:44:06.555,CameraRotate,"(23.25,-88.50)"
INFO,2025-10-29T23:44:07.332,InputGrab,Bomb (1)
INFO,2025-10-29T23:44:07.612,InputPushPull,Bomb (1)
INFO,2025-10-29T23:44:07.656,InputPushPull,Bomb (1)
INFO,2025-10-29T23:44:07.676,InputPushPull,Bomb (1)
INFO,2025-10-29T23:44:07.695,InputPushPull,Bomb (1)
INFO,2025-10-29T23:44:07.712,InputPushPull,Bomb (1)
INFO,2025-10-29T23:44:07.730,InputPushPull,Bomb (1)
INFO,2025-10-29T23:44:07.752,InputPushPull,Bomb (1)
INFO,2025-10-29T23:44:08.277,InputGrabBreak,Bomb (1)
INFO,2025-10-29T23:44:09.262,InputGrab,Bomb
INFO,2025-10-29T23:44:09.559,InputPushPull,Bomb
INFO,2025-10-29T23:44:09.589,InputPushPull,Bomb
INFO,2025-10-29T23:44:09.616,InputPushPull,Bomb
INFO,2025-10-29T23:44:09.632,InputPushPull,Bomb
INFO,2025-10-29T23:44:09.649,InputPushPull,Bomb
INFO,2025-10-29T23:44:09.662,InputPushPull,Bomb
INFO,2025-10-29T23:44:09.681,InputPushPull,Bomb
INFO,2025-10-29T23:44:09.696,InputPushPull,Bomb
INFO,2025-10-29T23:44:09.701,CameraPanning,"(-0.91,0.10)"
INFO,2025-10-29T23:44:09.739,InputPushPull,Bomb
INFO,2025-10-29T23:44:10.061,InputGrabBreak,Bomb
INFO,2025-10-29T23:44:11.300,CameraPanning,"(1.61,2.52)"
WARNING,2025-10-29T23:44:12.041,MissingManager,[ClearManager] GameManager가 없어 GameClear 로깅 실패
INFO,2025-10-29T23:44:13.189,CameraRotate,"(-65.25,23.50)"
INFO,2025-10-29T23:44:15.111,StageStar,2
INFO,2025-10-29T23:44:15.111,StageClear,미국 : 자유의 여신상
INFO,2025-10-29T23:44:16.286,InputGrab,Movable (3)
INFO,2025-10-29T23:44:16.434,InputGrabBreak,Movable (3)
INFO,2025-10-29T23:44:17.413,StageBegin,키보드
INFO,2025-10-29T23:44:17.415,InputGrab,root
WARNING,2025-10-29T23:44:17.436,OrbitOrthoProxy,Orthographic 카메라가 아닙니다. 이 Proxy는 동작하지 않습니다.
INFO,2025-10-29T23:44:18.747,InputGrab,TopSurface
INFO,2025-10-29T23:44:19.120,InputGrabBreak,TopSurface
INFO,2025-10-29T23:44:19.794,InputGrab,UpperBody
INFO,2025-10-29T23:44:19.985,InputGrabBreak,UpperBody
INFO,2025-10-29T23:44:21.397,StageRetry,키보드
WARNING,2025-10-29T23:44:21.420,OrbitOrthoProxy,Orthographic 카메라가 아닙니다. 이 Proxy는 동작하지 않습니다.
INFO,2025-10-29T23:44:22.977,InputGrab,UpperBody
INFO,2025-10-29T23:44:25.456,InputPushPull,UpperBody
INFO,2025-10-29T23:44:25.485,InputPushPull,UpperBody
INFO,2025-10-29T23:44:25.503,InputPushPull,UpperBody
INFO,2025-10-29T23:44:25.521,InputPushPull,UpperBody
INFO,2025-10-29T23:44:25.537,InputPushPull,UpperBody
INFO,2025-10-29T23:44:25.564,InputPushPull,UpperBody
INFO,2025-10-29T23:44:25.590,InputPushPull,UpperBody
INFO,2025-10-29T23:44:25.614,InputPushPull,UpperBody
INFO,2025-10-29T23:44:25.629,InputGrabBreak,UpperBody
INFO,2025-10-29T23:44:26.437,InputGrab,UpperBody
INFO,2025-10-29T23:44:26.636,InputPushPull,UpperBody
INFO,2025-10-29T23:44:26.664,InputPushPull,UpperBody
INFO,2025-10-29T23:44:26.679,InputPushPull,UpperBody
INFO,2025-10-29T23:44:26.700,InputPushPull,UpperBody
INFO,2025-10-29T23:44:26.714,InputPushPull,UpperBody
INFO,2025-10-29T23:44:26.728,InputPushPull,UpperBody
INFO,2025-10-29T23:44:26.738,InputPushPull,UpperBody
INFO,2025-10-29T23:44:26.753,InputPushPull,UpperBody
INFO,2025-10-29T23:44:26.775,InputPushPull,UpperBody
INFO,2025-10-29T23:44:26.789,InputGrabBreak,UpperBody
INFO,2025-10-29T23:44:27.934,InputGrab,UpperBody
INFO,2025-10-29T23:44:28.898,InputGrabBreak,UpperBody
INFO,2025-10-29T23:44:29.395,InputGrab,Pin (3)
INFO,2025-10-29T23:44:29.889,InputGrabBreak,Pin (3)
INFO,2025-10-29T23:44:30.870,InputGrab,Pin (3)
INFO,2025-10-29T23:44:31.287,InputGrabBreak,Pin (3)
INFO,2025-10-29T23:44:32.474,InputGrab,Pin (1)
INFO,2025-10-29T23:44:32.910,InputGrabBreak,Pin (1)
INFO,2025-10-29T23:44:33.906,CameraZoom,-1.000
INFO,2025-10-29T23:44:33.923,CameraZoom,-1.000
INFO,2025-10-29T23:44:33.939,CameraZoom,-1.000
INFO,2025-10-29T23:44:33.955,CameraZoom,-1.000
INFO,2025-10-29T23:44:33.985,CameraZoom,-1.000
INFO,2025-10-29T23:44:34.029,CameraZoom,-1.000
INFO,2025-10-29T23:44:34.095,CameraZoom,-1.000
INFO,2025-10-29T23:44:34.529,InputGrab,TopSurface
INFO,2025-10-29T23:44:34.852,InputGrabBreak,TopSurface
INFO,2025-10-29T23:44:35.413,InputGrab,Stem
INFO,2025-10-29T23:44:35.608,InputGrabBreak,Stem
INFO,2025-10-29T23:44:36.760,InputGrab,Stem
INFO,2025-10-29T23:44:36.962,InputPushPull,Stem
INFO,2025-10-29T23:44:36.991,InputPushPull,Stem
INFO,2025-10-29T23:44:37.009,InputPushPull,Stem
INFO,2025-10-29T23:44:37.034,InputPushPull,Stem
INFO,2025-10-29T23:44:37.051,InputPushPull,Stem
INFO,2025-10-29T23:44:37.066,InputPushPull,Stem
INFO,2025-10-29T23:44:37.077,InputPushPull,Stem
INFO,2025-10-29T23:44:37.092,InputPushPull,Stem
INFO,2025-10-29T23:44:37.127,InputPushPull,Stem
INFO,2025-10-29T23:44:37.578,InputGrabBreak,Stem
INFO,2025-10-29T23:44:38.398,InputGrab,TopSurface
INFO,2025-10-29T23:44:38.699,InputGrabBreak,TopSurface
INFO,2025-10-29T23:44:39.007,InputGrab,TopSurface
INFO,2025-10-29T23:44:39.304,InputGrabBreak,TopSurface
INFO,2025-10-29T23:44:39.535,InputGrab,TopSurface
INFO,2025-10-29T23:44:39.781,InputGrabBreak,TopSurface
INFO,2025-10-29T23:44:40.003,InputGrab,TopSurface
INFO,2025-10-29T23:44:40.240,InputGrabBreak,TopSurface
INFO,2025-10-29T23:44:40.386,InputGrab,TopSurface
INFO,2025-10-29T23:44:40.570,InputGrabBreak,TopSurface
INFO,2025-10-29T23:44:40.913,InputGrab,UpperBody
INFO,2025-10-29T23:44:41.900,InputGrabBreak,UpperBody
INFO,2025-10-29T23:44:42.518,InputGrab,Pin
INFO,2025-10-29T23:44:42.909,InputGrabBreak,Pin
INFO,2025-10-29T23:44:44.039,InputGrab,Pin (1)
INFO,2025-10-29T23:44:44.495,InputGrabBreak,Pin (1)
INFO,2025-10-29T23:44:45.128,InputGrab,TopSurface
INFO,2025-10-29T23:44:45.591,InputGrabBreak,TopSurface
INFO,2025-10-29T23:44:45.926,InputGrab,TopSurface
INFO,2025-10-29T23:44:46.180,InputGrabBreak,TopSurface
INFO,2025-10-29T23:44:46.915,InputGrab,UpperBody
INFO,2025-10-29T23:44:47.245,InputPushPull,UpperBody
INFO,2025-10-29T23:44:47.283,InputPushPull,UpperBody
INFO,2025-10-29T23:44:47.334,InputPushPull,UpperBody
INFO,2025-10-29T23:44:47.398,InputPushPull,UpperBody
INFO,2025-10-29T23:44:47.474,InputPushPull,UpperBody
INFO,2025-10-29T23:44:47.513,InputPushPull,UpperBody
INFO,2025-10-29T23:44:47.560,InputPushPull,UpperBody
INFO,2025-10-29T23:44:48.129,InputGrabBreak,UpperBody
INFO,2025-10-29T23:44:48.616,InputGrab,LowerBody
INFO,2025-10-29T23:44:49.890,InputGrabBreak,LowerBody
INFO,2025-10-29T23:44:50.263,InputGrab,LowerPlateRight
INFO,2025-10-29T23:44:50.289,InputGrabBreak,LowerPlateRight
INFO,2025-10-29T23:44:50.877,CameraZoom,1.000
INFO,2025-10-29T23:44:50.950,JointBreakNotifier,UpperBody
INFO,2025-10-29T23:44:50.991,CameraZoom,1.000
INFO,2025-10-29T23:44:51.058,CameraZoom,1.000
INFO,2025-10-29T23:44:51.166,CameraZoom,1.000
INFO,2025-10-29T23:44:51.201,CameraZoom,1.000
INFO,2025-10-29T23:44:51.265,CameraZoom,1.000
INFO,2025-10-29T23:44:55.265,StageRetry,키보드
WARNING,2025-10-29T23:44:55.289,OrbitOrthoProxy,Orthographic 카메라가 아닙니다. 이 Proxy는 동작하지 않습니다.
INFO,2025-10-29T23:44:56.565,InputGrab,Pin (3)
INFO,2025-10-29T23:44:56.788,InputPushPull,Pin (3)
INFO,2025-10-29T23:44:56.815,InputPushPull,Pin (3)
INFO,2025-10-29T23:44:56.831,InputPushPull,Pin (3)
INFO,2025-10-29T23:44:56.848,InputPushPull,Pin (3)
INFO,2025-10-29T23:44:56.859,InputPushPull,Pin (3)
INFO,2025-10-29T23:44:56.872,InputPushPull,Pin (3)
INFO,2025-10-29T23:44:56.884,InputPushPull,Pin (3)
INFO,2025-10-29T23:44:56.908,InputPushPull,Pin (3)
INFO,2025-10-29T23:44:57.176,InputGrabBreak,Pin (3)
INFO,2025-10-29T23:44:58.104,InputGrab,UpperBody
INFO,2025-10-29T23:44:58.750,InputGrabBreak,UpperBody
INFO,2025-10-29T23:44:59.096,InputGrab,UpperBody
INFO,2025-10-29T23:45:00.002,InputPushPull,UpperBody
INFO,2025-10-29T23:45:00.069,InputPushPull,UpperBody
INFO,2025-10-29T23:45:00.110,InputPushPull,UpperBody
INFO,2025-10-29T23:45:00.201,InputPushPull,UpperBody
INFO,2025-10-29T23:45:00.418,InputGrabBreak,UpperBody
INFO,2025-10-29T23:45:01.707,InputGrab,Pin (2)
INFO,2025-10-29T23:45:02.176,InputPushPull,Pin (2)
INFO,2025-10-29T23:45:02.239,InputPushPull,Pin (2)
INFO,2025-10-29T23:45:02.315,InputPushPull,Pin (2)
INFO,2025-10-29T23:45:02.396,InputGrabBreak,Pin (2)
INFO,2025-10-29T23:45:04.314,InputGrab,Pin (1)
INFO,2025-10-29T23:45:04.555,InputGrabBreak,Pin (1)
INFO,2025-10-29T23:45:05.963,InputGrab,Pin
INFO,2025-10-29T23:45:06.495,InputGrabBreak,Pin
INFO,2025-10-29T23:45:06.495,JointBreakNotifier,UpperBody
INFO,2025-10-29T23:45:07.492,InputGrab,Pin (1)
INFO,2025-10-29T23:45:07.962,InputGrabBreak,Pin (1)
INFO,2025-10-29T23:45:08.669,InputGrab,TopSurface
INFO,2025-10-29T23:45:09.462,InputGrabBreak,TopSurface
INFO,2025-10-29T23:45:10.215,InputGrab,Stem
INFO,2025-10-29T23:45:10.859,InputGrabBreak,Stem
INFO,2025-10-29T23:45:11.633,InputGrab,UpperBody
INFO,2025-10-29T23:45:11.857,InputPushPull,UpperBody
INFO,2025-10-29T23:45:11.931,InputPushPull,UpperBody
INFO,2025-10-29T23:45:14.118,InputGrabBreak,UpperBody
INFO,2025-10-29T23:45:15.772,InputGrab,Stem
INFO,2025-10-29T23:45:16.338,InputGrabBreak,Stem
INFO,2025-10-29T23:45:17.097,InputGrab,Bomb
INFO,2025-10-29T23:45:17.375,InputGrabBreak,Bomb
INFO,2025-10-29T23:45:18.344,InputGrab,Bomb
INFO,2025-10-29T23:45:18.564,InputPushPull,Bomb
INFO,2025-10-29T23:45:18.604,InputPushPull,Bomb
INFO,2025-10-29T23:45:18.659,InputPushPull,Bomb
INFO,2025-10-29T23:45:18.963,InputGrabBreak,Bomb
INFO,2025-10-29T23:45:19.344,InputGrab,Bomb
INFO,2025-10-29T23:45:20.308,InputGrabBreak,Bomb
INFO,2025-10-29T23:45:21.389,InputGrab,TopSurface
INFO,2025-10-29T23:45:21.679,InputGrabBreak,TopSurface
INFO,2025-10-29T23:45:22.406,InputGrab,UpperBody
INFO,2025-10-29T23:45:22.765,InputPushPull,UpperBody
INFO,2025-10-29T23:45:22.911,InputPushPull,UpperBody
INFO,2025-10-29T23:45:24.288,InputPushPull,UpperBody
INFO,2025-10-29T23:45:24.503,InputPushPull,UpperBody
INFO,2025-10-29T23:45:25.047,InputPushPull,UpperBody
INFO,2025-10-29T23:45:25.720,InputGrabBreak,UpperBody
INFO,2025-10-29T23:45:27.779,InputGrab,TopSurface
INFO,2025-10-29T23:45:28.148,InputGrabBreak,TopSurface
INFO,2025-10-29T23:45:30.213,CameraRotate,"(104.00,-18.00)"
INFO,2025-10-29T23:45:30.787,InputGrab,UpperBody
INFO,2025-10-29T23:45:31.072,InputPushPull,UpperBody
INFO,2025-10-29T23:45:31.164,InputPushPull,UpperBody
INFO,2025-10-29T23:45:31.270,InputPushPull,UpperBody
INFO,2025-10-29T23:45:31.311,InputPushPull,UpperBody
INFO,2025-10-29T23:45:31.377,InputPushPull,UpperBody
INFO,2025-10-29T23:45:31.986,InputGrabBreak,UpperBody
INFO,2025-10-29T23:45:32.980,InputGrab,UpperBody
INFO,2025-10-29T23:45:33.140,InputGrabBreak,UpperBody
INFO,2025-10-29T23:45:33.655,CameraZoom,1.000
INFO,2025-10-29T23:45:33.681,CameraZoom,1.000
INFO,2025-10-29T23:45:33.697,CameraZoom,1.000
INFO,2025-10-29T23:45:33.712,CameraZoom,1.000
INFO,2025-10-29T23:45:33.724,CameraZoom,1.000
INFO,2025-10-29T23:45:33.748,CameraZoom,1.000
INFO,2025-10-29T23:45:33.787,CameraZoom,1.000
INFO,2025-10-29T23:45:34.625,CameraRotate,"(-29.25,8.00)"
INFO,2025-10-29T23:45:35.661,InputGrab,Stem
INFO,2025-10-29T23:45:36.043,InputPushPull,Stem
INFO,2025-10-29T23:45:36.070,InputPushPull,Stem
INFO,2025-10-29T23:45:36.115,InputPushPull,Stem
INFO,2025-10-29T23:45:36.153,InputPushPull,Stem
INFO,2025-10-29T23:45:36.909,InputGrabBreak,Stem
INFO,2025-10-29T23:45:42.774,InputGrab,LowerBody
INFO,2025-10-29T23:45:42.954,InputGrabBreak,LowerBody
INFO,2025-10-29T23:45:45.186,InputGrab,UpperBody
INFO,2025-10-29T23:45:46.105,InputGrabBreak,UpperBody
INFO,2025-10-29T23:45:47.529,InputGrab,Stem
INFO,2025-10-29T23:45:47.932,InputGrabBreak,Stem
INFO,2025-10-29T23:45:48.500,InputGrab,UpperBody
INFO,2025-10-29T23:45:48.575,InputGrabBreak,UpperBody
INFO,2025-10-29T23:45:49.333,InputGrab,UpperBody
INFO,2025-10-29T23:45:49.541,InputPushPull,UpperBody
INFO,2025-10-29T23:45:49.567,InputPushPull,UpperBody
INFO,2025-10-29T23:45:49.587,InputPushPull,UpperBody
INFO,2025-10-29T23:45:49.606,InputPushPull,UpperBody
INFO,2025-10-29T23:45:49.628,InputPushPull,UpperBody
INFO,2025-10-29T23:45:49.641,InputPushPull,UpperBody
INFO,2025-10-29T23:45:49.653,InputPushPull,UpperBody
INFO,2025-10-29T23:45:49.664,InputPushPull,UpperBody
INFO,2025-10-29T23:45:49.703,InputPushPull,UpperBody
INFO,2025-10-29T23:45:49.878,InputGrabBreak,UpperBody
WARNING,2025-10-29T23:45:50.775,MissingManager,[ClearManager] GameManager가 없어 GameClear 로깅 실패
INFO,2025-10-29T23:45:50.858,InputGrab,LowerBody
INFO,2025-10-29T23:45:50.995,InputGrabBreak,LowerBody
INFO,2025-10-29T23:45:53.299,CameraRotate,"(-88.00,-12.00)"
INFO,2025-10-29T23:45:53.508,InputGrab,LowerPlateRight
INFO,2025-10-29T23:45:53.615,InputGrabBreak,LowerPlateRight
INFO,2025-10-29T23:45:53.857,StageStar,0
INFO,2025-10-29T23:45:53.857,StageClear,키보드
INFO,2025-10-29T23:45:56.699,StageBegin,몽키
INFO,2025-10-29T23:45:56.700,InputGrab,root
INFO,2025-10-29T23:45:57.865,CameraZoom,1.000
INFO,2025-10-29T23:45:59.391,InputGrab,Bomb Stick (7)
INFO,2025-10-29T23:46:00.014,InputGrabBreak,Bomb Stick (7)
INFO,2025-10-29T23:46:04.531,CameraRotate,"(25.50,5.50)"
INFO,2025-10-29T23:46:05.009,StageRetry,몽키
INFO,2025-10-29T23:46:06.514,InputGrab,Bomb Stick (7)
INFO,2025-10-29T23:46:08.205,InputGrabBreak,Bomb Stick (7)
INFO,2025-10-29T23:46:09.427,InputGrab,Bomb Stick (7)
INFO,2025-10-29T23:46:09.827,InputGrabBreak,Bomb Stick (7)
INFO,2025-10-29T23:46:10.579,InputGrab,Bomb Stick (6)
INFO,2025-10-29T23:46:10.829,InputPushPull,Bomb Stick (6)
INFO,2025-10-29T23:46:10.851,InputPushPull,Bomb Stick (6)
INFO,2025-10-29T23:46:10.884,InputPushPull,Bomb Stick (6)
INFO,2025-10-29T23:46:10.908,InputPushPull,Bomb Stick (6)
INFO,2025-10-29T23:46:10.934,InputPushPull,Bomb Stick (6)
INFO,2025-10-29T23:46:10.952,InputPushPull,Bomb Stick (6)
INFO,2025-10-29T23:46:10.966,InputPushPull,Bomb Stick (6)
INFO,2025-10-29T23:46:10.978,InputPushPull,Bomb Stick (6)
INFO,2025-10-29T23:46:10.996,InputPushPull,Bomb Stick (6)
INFO,2025-10-29T23:46:11.769,InputGrabBreak,Bomb Stick (6)
INFO,2025-10-29T23:46:12.932,InputGrab,Bomb Stick (1)
INFO,2025-10-29T23:46:13.497,InputGrabBreak,Bomb Stick (1)
INFO,2025-10-29T23:46:14.523,InputGrab,Bomb Stick (1)
INFO,2025-10-29T23:46:14.794,InputGrabBreak,Bomb Stick (1)
INFO,2025-10-29T23:46:16.520,CameraRotate,"(68.50,26.00)"
INFO,2025-10-29T23:46:17.232,InputGrab,Bomb Stick (3)
INFO,2025-10-29T23:46:17.809,InputGrabBreak,Bomb Stick (3)
INFO,2025-10-29T23:46:19.707,InputGrab,Bomb Stick (8)
INFO,2025-10-29T23:46:20.247,InputGrabBreak,Bomb Stick (8)
INFO,2025-10-29T23:46:21.810,InputGrab,Monkey (16)
INFO,2025-10-29T23:46:22.496,InputPushPull,Monkey (16)
INFO,2025-10-29T23:46:22.559,InputPushPull,Monkey (16)
INFO,2025-10-29T23:46:22.639,InputPushPull,Monkey (16)
INFO,2025-10-29T23:46:22.869,InputPushPull,Monkey (16)
INFO,2025-10-29T23:46:23.327,InputGrabBreak,Monkey (16)
INFO,2025-10-29T23:46:25.379,InputGrab,Bomb Stick (4)
INFO,2025-10-29T23:46:26.046,InputGrabBreak,Bomb Stick (4)
INFO,2025-10-29T23:46:27.303,InputGrab,Bomb Stick (4)
INFO,2025-10-29T23:46:29.314,InputGrabBreak,Bomb Stick (4)
INFO,2025-10-29T23:46:31.969,InputGrab,Bomb Stick (2)
INFO,2025-10-29T23:46:32.473,InputGrabBreak,Bomb Stick (2)
INFO,2025-10-29T23:46:34.080,InputGrab,Bomb Stick (5)
INFO,2025-10-29T23:46:34.618,InputGrabBreak,Bomb Stick (5)
INFO,2025-10-29T23:46:35.637,InputGrab,Bomb Stick
INFO,2025-10-29T23:46:36.627,InputGrabBreak,Bomb Stick
INFO,2025-10-29T23:46:37.664,InputGrab,Bomb Stick
INFO,2025-10-29T23:46:38.142,InputGrabBreak,Bomb Stick
INFO,2025-10-29T23:46:39.527,CameraRotate,"(83.00,-40.50)"
WARNING,2025-10-29T23:46:40.146,MissingManager,[ClearManager] GameManager가 없어 GameClear 로깅 실패
INFO,2025-10-29T23:46:41.289,CameraRotate,"(-80.25,21.00)"
INFO,2025-10-29T23:46:43.217,StageStar,2
INFO,2025-10-29T23:46:43.217,StageClear,몽키
INFO,2025-10-29T23:46:44.867,InputGrab,Stick
INFO,2025-10-29T23:46:44.958,InputGrabBreak,Stick
INFO,2025-10-29T23:46:46.977,StageBegin,링 2
INFO,2025-10-29T23:46:46.978,InputGrab,root
WARNING,2025-10-29T23:46:46.995,OrbitOrthoProxy,Orthographic 카메라가 아닙니다. 이 Proxy는 동작하지 않습니다.
INFO,2025-10-29T23:46:48.745,InputGrab,CrossRingBomb
INFO,2025-10-29T23:46:49.566,InputGrabBreak,CrossRingBomb
INFO,2025-10-29T23:46:51.192,StageRetry,링 2
WARNING,2025-10-29T23:46:51.199,OrbitOrthoProxy,Orthographic 카메라가 아닙니다. 이 Proxy는 동작하지 않습니다.
INFO,2025-10-29T23:46:52.621,InputGrab,CrossRing (1)
INFO,2025-10-29T23:46:53.854,InputGrabBreak,CrossRing (1)
INFO,2025-10-29T23:46:54.493,InputGrab,CrossRing (1)
INFO,2025-10-29T23:46:54.933,InputPushPull,CrossRing (1)
INFO,2025-10-29T23:46:55.003,InputPushPull,CrossRing (1)
INFO,2025-10-29T23:46:55.030,InputPushPull,CrossRing (1)
INFO,2025-10-29T23:46:55.061,InputPushPull,CrossRing (1)
INFO,2025-10-29T23:46:55.104,InputPushPull,CrossRing (1)
INFO,2025-10-29T23:46:55.153,InputPushPull,CrossRing (1)
INFO,2025-10-29T23:46:55.684,InputGrabBreak,CrossRing (1)
INFO,2025-10-29T23:46:56.037,InputGrab,CrossRing (1)
INFO,2025-10-29T23:46:56.965,InputGrabBreak,CrossRing (1)
INFO,2025-10-29T23:46:57.375,InputGrab,CrossRing (1)
INFO,2025-10-29T23:46:57.832,InputPushPull,CrossRing (1)
INFO,2025-10-29T23:46:57.871,InputPushPull,CrossRing (1)
INFO,2025-10-29T23:46:57.898,InputPushPull,CrossRing (1)
INFO,2025-10-29T23:46:57.952,InputPushPull,CrossRing (1)
INFO,2025-10-29T23:46:58.668,InputGrabBreak,CrossRing (1)
INFO,2025-10-29T23:46:59.813,InputGrab,CrossRingBomb
INFO,2025-10-29T23:47:00.599,InputGrabBreak,CrossRingBomb
INFO,2025-10-29T23:47:01.049,InputGrab,CrossRingBomb
INFO,2025-10-29T23:47:01.403,InputPushPull,CrossRingBomb
INFO,2025-10-29T23:47:01.434,InputPushPull,CrossRingBomb
INFO,2025-10-29T23:47:01.465,InputPushPull,CrossRingBomb
INFO,2025-10-29T23:47:01.508,InputPushPull,CrossRingBomb
INFO,2025-10-29T23:47:01.541,InputPushPull,CrossRingBomb
INFO,2025-10-29T23:47:01.576,InputPushPull,CrossRingBomb
INFO,2025-10-29T23:47:01.621,InputPushPull,CrossRingBomb
INFO,2025-10-29T23:47:01.857,InputGrabBreak,CrossRingBomb
WARNING,2025-10-29T23:47:04.595,MissingManager,[ClearManager] GameManager가 없어 GameClear 로깅 실패
INFO,2025-10-29T23:47:06.580,StageRetry,링 2
WARNING,2025-10-29T23:47:06.591,OrbitOrthoProxy,Orthographic 카메라가 아닙니다. 이 Proxy는 동작하지 않습니다.
INFO,2025-10-29T23:47:07.593,CameraZoom,-1.000
INFO,2025-10-29T23:47:07.612,CameraZoom,-1.000
INFO,2025-10-29T23:47:07.627,CameraZoom,-1.000
INFO,2025-10-29T23:47:07.642,CameraZoom,-1.000
INFO,2025-10-29T23:47:07.666,CameraZoom,-1.000
INFO,2025-10-29T23:47:08.513,CameraRotate,"(68.25,-36.25)"
INFO,2025-10-29T23:47:09.221,InputGrab,CrossRingBomb
INFO,2025-10-29T23:47:10.073,InputGrabBreak,CrossRingBomb
INFO,2025-10-29T23:47:10.666,InputGrab,CrossRingBomb
INFO,2025-10-29T23:47:10.896,InputPushPull,CrossRingBomb
INFO,2025-10-29T23:47:10.965,InputPushPull,CrossRingBomb
INFO,2025-10-29T23:47:11.058,InputPushPull,CrossRingBomb
INFO,2025-10-29T23:47:11.149,InputPushPull,CrossRingBomb
INFO,2025-10-29T23:47:12.791,InputGrabBreak,CrossRingBomb
INFO,2025-10-29T23:47:13.584,CameraRotate,"(-78.25,24.00)"
INFO,2025-10-29T23:47:13.711,CameraRotate,"(-7.00,-0.50)"
INFO,2025-10-29T23:47:13.950,CameraRotate,"(1.00,-6.00)"
INFO,2025-10-29T23:47:14.442,CameraRotate,"(-74.25,10.50)"
INFO,2025-10-29T23:47:15.054,InputGrab,CrossRing (1)
INFO,2025-10-29T23:47:15.848,InputGrabBreak,CrossRing (1)
INFO,2025-10-29T23:47:16.437,InputGrab,CrossRingBomb
INFO,2025-10-29T23:47:18.136,InputGrabBreak,CrossRingBomb
INFO,2025-10-29T23:47:18.775,InputGrab,CrossRingBomb
INFO,2025-10-29T23:47:19.374,InputPushPull,CrossRingBomb
INFO,2025-10-29T23:47:19.648,InputGrabBreak,CrossRingBomb
INFO,2025-10-29T23:47:20.211,InputGrab,CrossRing (1)
INFO,2025-10-29T23:47:20.908,InputGrabBreak,CrossRing (1)
INFO,2025-10-29T23:47:22.698,CameraRotate,"(-32.50,-6.25)"
INFO,2025-10-29T23:47:23.564,CameraPanning,"(-0.55,-1.64)"
INFO,2025-10-29T23:47:24.122,InputGrab,CrossRing (1)
INFO,2025-10-29T23:47:24.714,InputGrabBreak,CrossRing (1)
INFO,2025-10-29T23:47:25.047,InputGrab,CrossRing (1)
INFO,2025-10-29T23:47:25.732,InputGrabBreak,CrossRing (1)
INFO,2025-10-29T23:47:26.791,InputGrab,CrossRing (1)
INFO,2025-10-29T23:47:30.809,InputGrabBreak,CrossRing (1)
INFO,2025-10-29T23:47:31.874,InputGrab,CrossRing (1)
INFO,2025-10-29T23:47:33.998,InputGrabBreak,CrossRing (1)
INFO,2025-10-29T23:47:34.993,InputGrab,CrossRingBomb
INFO,2025-10-29T23:47:35.194,InputGrabBreak,CrossRingBomb
INFO,2025-10-29T23:47:36.760,CameraRotate,"(128.00,3.50)"
INFO,2025-10-29T23:47:36.942,CameraZoom,1.000
INFO,2025-10-29T23:47:36.969,CameraZoom,1.000
INFO,2025-10-29T23:47:36.994,CameraZoom,1.000
INFO,2025-10-29T23:47:37.010,CameraZoom,1.000
INFO,2025-10-29T23:47:37.031,CameraZoom,1.000
INFO,2025-10-29T23:47:37.049,CameraZoom,1.000
INFO,2025-10-29T23:47:37.074,CameraZoom,1.000
INFO,2025-10-29T23:47:37.106,CameraZoom,1.000
WARNING,2025-10-29T23:47:37.489,MissingManager,[ClearManager] GameManager가 없어 GameClear 로깅 실패
INFO,2025-10-29T23:47:38.732,InputGrab,CrossRing (1)
INFO,2025-10-29T23:47:39.334,InputGrabBreak,CrossRing (1)
INFO,2025-10-29T23:47:39.952,InputGrab,CrossRing (1)
INFO,2025-10-29T23:47:40.581,StageStar,2
INFO,2025-10-29T23:47:40.581,StageClear,링 2
INFO,2025-10-29T23:47:40.939,InputGrabBreak,CrossRing (1)
INFO,2025-10-29T23:47:50.243,StageBegin,소마큐브
INFO,2025-10-29T23:47:50.244,InputGrab,root
INFO,2025-10-29T23:47:51.566,CameraRotate,"(32.75,46.00)"
INFO,2025-10-29T23:47:52.119,InputGrab,SZ (1)
INFO,2025-10-29T23:47:58.954,InputPushPull,SZ (1)
INFO,2025-10-29T23:47:58.971,InputPushPull,SZ (1)
INFO,2025-10-29T23:47:59.020,InputPushPull,SZ (1)
INFO,2025-10-29T23:47:59.137,InputPushPull,SZ (1)
INFO,2025-10-29T23:47:59.306,InputGrabBreak,SZ (1)
INFO,2025-10-29T23:48:01.290,InputGrab,O 1 (1)
INFO,2025-10-29T23:48:04.373,InputGrabBreak,O 1 (1)
INFO,2025-10-29T23:48:04.906,InputGrab,S 1 (1)
INFO,2025-10-29T23:48:06.778,InputGrabBreak,S 1 (1)
INFO,2025-10-29T23:48:08.282,CameraRotate,"(122.00,-9.50)"
INFO,2025-10-29T23:48:08.832,InputGrab,J 1 (1)
INFO,2025-10-29T23:48:14.539,InputGrabBreak,J 1 (1)
INFO,2025-10-29T23:48:15.951,InputGrab,I 1 (1)
INFO,2025-10-29T23:48:16.419,InputPushPull,I 1 (1)
INFO,2025-10-29T23:48:16.456,InputPushPull,I 1 (1)
INFO,2025-10-29T23:48:16.501,InputPushPull,I 1 (1)
INFO,2025-10-29T23:48:16.533,InputPushPull,I 1 (1)
INFO,2025-10-29T23:48:16.572,InputPushPull,I 1 (1)
INFO,2025-10-29T23:48:16.612,InputPushPull,I 1 (1)
INFO,2025-10-29T23:48:18.650,InputPushPull,I 1 (1)
INFO,2025-10-29T23:48:18.779,InputPushPull,I 1 (1)
INFO,2025-10-29T23:48:18.866,InputPushPull,I 1 (1)
INFO,2025-10-29T23:48:18.978,InputPushPull,I 1 (1)
INFO,2025-10-29T23:48:19.066,InputPushPull,I 1 (1)
INFO,2025-10-29T23:48:21.068,InputGrabBreak,I 1 (1)
INFO,2025-10-29T23:48:22.707,InputGrab,I 1 (1)
INFO,2025-10-29T23:48:23.736,InputPushPull,I 1 (1)
INFO,2025-10-29T23:48:25.574,InputGrabBreak,I 1 (1)
INFO,2025-10-29T23:48:26.444,CameraRotate,"(-7.75,38.00)"
INFO,2025-10-29T23:48:26.653,CameraZoom,1.000
INFO,2025-10-29T23:48:26.679,CameraZoom,1.000
INFO,2025-10-29T23:48:26.761,CameraZoom,1.000
INFO,2025-10-29T23:48:27.241,InputGrab,I 1 (1)
INFO,2025-10-29T23:48:28.886,InputPushPull,I 1 (1)
INFO,2025-10-29T23:48:28.920,InputPushPull,I 1 (1)
INFO,2025-10-29T23:48:28.964,InputPushPull,I 1 (1)
INFO,2025-10-29T23:48:29.246,InputPushPull,I 1 (1)
INFO,2025-10-29T23:48:29.408,InputPushPull,I 1 (1)
INFO,2025-10-29T23:48:29.507,InputPushPull,I 1 (1)
INFO,2025-10-29T23:48:32.242,InputGrabBreak,I 1 (1)
INFO,2025-10-29T23:48:33.386,InputGrab,Z 1 (1)
INFO,2025-10-29T23:48:34.337,InputGrabBreak,Z 1 (1)
INFO,2025-10-29T23:48:34.809,InputGrab,JJ (1)
INFO,2025-10-29T23:48:36.473,InputGrabBreak,JJ (1)
INFO,2025-10-29T23:48:36.750,InputGrab,Z 1 (1)
INFO,2025-10-29T23:48:37.187,InputGrabBreak,Z 1 (1)
INFO,2025-10-29T23:48:37.593,InputGrab,T 1
INFO,2025-10-29T23:48:37.947,InputGrabBreak,T 1
INFO,2025-10-29T23:48:38.180,InputGrab,S 1 (1)
INFO,2025-10-29T23:48:39.174,InputGrabBreak,S 1 (1)
INFO,2025-10-29T23:48:39.868,InputGrab,Z 1 (1)
INFO,2025-10-29T23:48:40.199,InputGrabBreak,Z 1 (1)
INFO,2025-10-29T23:48:40.641,InputGrab,S 1 (1)
INFO,2025-10-29T23:48:41.126,InputGrabBreak,S 1 (1)
INFO,2025-10-29T23:48:42.001,InputGrab,Z 1 (1)
INFO,2025-10-29T23:48:42.378,InputPushPull,Z 1 (1)
INFO,2025-10-29T23:48:42.409,InputPushPull,Z 1 (1)
INFO,2025-10-29T23:48:42.430,InputPushPull,Z 1 (1)
INFO,2025-10-29T23:48:42.457,InputPushPull,Z 1 (1)
INFO,2025-10-29T23:48:42.475,InputPushPull,Z 1 (1)
INFO,2025-10-29T23:48:42.492,InputPushPull,Z 1 (1)
INFO,2025-10-29T23:48:42.514,InputPushPull,Z 1 (1)
INFO,2025-10-29T23:48:42.636,InputGrabBreak,Z 1 (1)
INFO,2025-10-29T23:48:43.155,InputGrab,S 1 (1)
INFO,2025-10-29T23:48:43.378,InputPushPull,S 1 (1)
INFO,2025-10-29T23:48:43.394,InputPushPull,S 1 (1)
INFO,2025-10-29T23:48:43.409,InputPushPull,S 1 (1)
INFO,2025-10-29T23:48:43.420,InputPushPull,S 1 (1)
INFO,2025-10-29T23:48:43.433,InputPushPull,S 1 (1)
INFO,2025-10-29T23:48:43.442,InputPushPull,S 1 (1)
INFO,2025-10-29T23:48:43.452,InputPushPull,S 1 (1)
INFO,2025-10-29T23:48:43.461,InputPushPull,S 1 (1)
INFO,2025-10-29T23:48:43.479,InputPushPull,S 1 (1)
INFO,2025-10-29T23:48:44.466,InputGrabBreak,S 1 (1)
INFO,2025-10-29T23:48:45.800,CameraRotate,"(-23.00,-21.25)"
INFO,2025-10-29T23:48:46.260,InputGrab,JJ (1)
INFO,2025-10-29T23:48:46.905,InputGrabBreak,JJ (1)
INFO,2025-10-29T23:48:47.473,InputGrab,T 1 (1)
INFO,2025-10-29T23:48:48.173,InputGrabBreak,T 1 (1)
INFO,2025-10-29T23:48:48.455,InputGrab,O 1 (1)
INFO,2025-10-29T23:48:49.646,InputPushPull,O 1 (1)
INFO,2025-10-29T23:48:49.720,InputPushPull,O 1 (1)
INFO,2025-10-29T23:48:49.746,InputPushPull,O 1 (1)
INFO,2025-10-29T23:48:49.787,InputPushPull,O 1 (1)
INFO,2025-10-29T23:48:49.829,InputPushPull,O 1 (1)
INFO,2025-10-29T23:48:49.976,InputPushPull,O 1 (1)
INFO,2025-10-29T23:48:50.009,InputPushPull,O 1 (1)
INFO,2025-10-29T23:48:50.041,InputPushPull,O 1 (1)
WARNING,2025-10-29T23:48:50.626,MissingManager,[ClearManager] GameManager가 없어 GameClear 로깅 실패
INFO,2025-10-29T23:48:51.534,InputGrabBreak,O 1 (1)
INFO,2025-10-29T23:48:52.426,CameraRotate,"(-87.50,-6.50)"
INFO,2025-10-29T23:48:53.722,StageStar,2
INFO,2025-10-29T23:48:53.722,StageClear,소마큐브
INFO,2025-10-29T23:48:58.862,StageBegin,시소
INFO,2025-10-29T23:48:58.864,InputGrab,root
INFO,2025-10-29T23:49:01.006,InputGrab,Bomb (1)
INFO,2025-10-29T23:49:01.243,InputGrabBreak,Bomb (1)
INFO,2025-10-29T23:49:02.382,CameraRotate,"(12.75,35.75)"
INFO,2025-10-29T23:49:03.355,InputGrab,Bomb (3)
INFO,2025-10-29T23:49:04.153,InputGrabBreak,Bomb (3)
INFO,2025-10-29T23:49:04.997,InputGrab,Bomb
INFO,2025-10-29T23:49:05.415,InputGrabBreak,Bomb
INFO,2025-10-29T23:49:06.826,InputGrab,Bomb (2)
INFO,2025-10-29T23:49:07.103,InputGrabBreak,Bomb (2)
INFO,2025-10-29T23:49:07.924,InputGrab,Bomb (1)
INFO,2025-10-29T23:49:08.044,InputGrabBreak,Bomb (1)
INFO,2025-10-29T23:49:09.103,CameraRotate,"(11.00,-10.50)"
INFO,2025-10-29T23:49:09.469,InputGrab,Movable (4)
INFO,2025-10-29T23:49:09.978,InputGrabBreak,Movable (4)
INFO,2025-10-29T23:49:10.446,InputGrab,Bomb (1)
INFO,2025-10-29T23:49:10.860,InputGrabBreak,Bomb (1)
INFO,2025-10-29T23:49:11.430,InputGrab,BalancePlate
INFO,2025-10-29T23:49:11.525,InputGrabBreak,BalancePlate
INFO,2025-10-29T23:49:12.641,InputGrab,BalancePlate
WARNING,2025-10-29T23:49:12.905,MissingManager,[ClearManager] GameManager가 없어 GameClear 로깅 실패
INFO,2025-10-29T23:49:13.401,InputGrabBreak,BalancePlate
INFO,2025-10-29T23:49:13.563,InputGrab,BalancePlate
INFO,2025-10-29T23:49:14.149,InputGrabBreak,BalancePlate
INFO,2025-10-29T23:49:14.408,StageRetry,시소
INFO,2025-10-29T23:49:16.075,CameraRotate,"(5.25,28.25)"
INFO,2025-10-29T23:49:16.223,CameraZoom,1.000
INFO,2025-10-29T23:49:16.248,CameraZoom,1.000
INFO,2025-10-29T23:49:16.261,CameraZoom,1.000
INFO,2025-10-29T23:49:16.275,CameraZoom,1.000
INFO,2025-10-29T23:49:16.284,CameraZoom,1.000
INFO,2025-10-29T23:49:16.296,CameraZoom,1.000
INFO,2025-10-29T23:49:16.308,CameraZoom,1.000
INFO,2025-10-29T23:49:16.332,CameraZoom,1.000
INFO,2025-10-29T23:49:17.239,InputGrab,Bomb
INFO,2025-10-29T23:49:17.432,InputGrabBreak,Bomb
INFO,2025-10-29T23:49:18.325,InputGrab,Bomb
INFO,2025-10-29T23:49:18.563,InputGrabBreak,Bomb
INFO,2025-10-29T23:49:19.293,InputGrab,Bomb (3)
INFO,2025-10-29T23:49:19.412,InputGrabBreak,Bomb (3)
INFO,2025-10-29T23:49:20.369,InputGrab,Bomb (3)
INFO,2025-10-29T23:49:20.592,InputGrabBreak,Bomb (3)
INFO,2025-10-29T23:49:21.781,InputGrab,Bomb (1)
INFO,2025-10-29T23:49:22.866,InputGrabBreak,Bomb (1)
INFO,2025-10-29T23:49:23.609,InputGrab,Bomb (1)
INFO,2025-10-29T23:49:24.013,InputGrabBreak,Bomb (1)
INFO,2025-10-29T23:49:25.114,InputGrab,Bomb (2)
INFO,2025-10-29T23:49:25.964,InputGrabBreak,Bomb (2)
INFO,2025-10-29T23:49:26.157,InputGrab,BalancePlate
INFO,2025-10-29T23:49:26.491,InputGrabBreak,BalancePlate
INFO,2025-10-29T23:49:26.893,InputGrab,BalancePlate
INFO,2025-10-29T23:49:26.971,InputGrabBreak,BalancePlate
INFO,2025-10-29T23:49:27.055,InputGrab,BalancePlate
INFO,2025-10-29T23:49:27.339,InputGrabBreak,BalancePlate
INFO,2025-10-29T23:49:27.456,InputGrab,BalancePlate
INFO,2025-10-29T23:49:28.146,InputPushPull,BalancePlate
INFO,2025-10-29T23:49:28.167,InputPushPull,BalancePlate
INFO,2025-10-29T23:49:28.183,InputPushPull,BalancePlate
INFO,2025-10-29T23:49:28.208,InputPushPull,BalancePlate
INFO,2025-10-29T23:49:28.240,InputPushPull,BalancePlate
INFO,2025-10-29T23:49:28.410,InputPushPull,BalancePlate
INFO,2025-10-29T23:49:28.695,InputGrabBreak,BalancePlate
INFO,2025-10-29T23:49:29.312,CameraRotate,"(7.00,41.32)"
WARNING,2025-10-29T23:49:29.352,MissingManager,[ClearManager] GameManager가 없어 GameClear 로깅 실패
INFO,2025-10-29T23:49:29.530,InputGrab,BalancePlate
INFO,2025-10-29T23:49:29.831,InputPushPull,BalancePlate
INFO,2025-10-29T23:49:29.856,InputPushPull,BalancePlate
INFO,2025-10-29T23:49:29.884,InputPushPull,BalancePlate
INFO,2025-10-29T23:49:29.966,InputPushPull,BalancePlate
INFO,2025-10-29T23:49:30.027,InputPushPull,BalancePlate
INFO,2025-10-29T23:49:30.092,InputGrabBreak,BalancePlate
INFO,2025-10-29T23:49:30.094,CameraZoom,-1.000
INFO,2025-10-29T23:49:30.301,CameraZoom,-1.000
INFO,2025-10-29T23:49:31.490,CameraRotate,"(-25.50,-50.25)"
INFO,2025-10-29T23:49:32.028,InputGrab,Movable (10)
INFO,2025-10-29T23:49:32.285,InputGrabBreak,Movable (10)
INFO,2025-10-29T23:49:32.443,StageStar,2
INFO,2025-10-29T23:49:32.443,StageClear,시소
INFO,2025-10-29T23:49:32.513,StageRetry,시소
INFO,2025-10-29T23:49:33.383,InputGrab,Movable (10)
INFO,2025-10-29T23:49:34.570,InputGrabBreak,Movable (10)
INFO,2025-10-29T23:49:35.067,CameraRotate,"(4.50,19.75)"
INFO,2025-10-29T23:49:35.672,InputGrab,Movable (7)
INFO,2025-10-29T23:49:36.202,InputGrabBreak,Movable (7)
INFO,2025-10-29T23:49:36.921,InputGrab,Bomb
INFO,2025-10-29T23:49:37.880,InputGrabBreak,Bomb
INFO,2025-10-29T23:49:38.837,InputGrab,Bomb (3)
INFO,2025-10-29T23:49:39.336,InputGrabBreak,Bomb (3)
INFO,2025-10-29T23:49:39.371,InputGrab,BalancePlate
INFO,2025-10-29T23:49:39.418,InputGrabBreak,BalancePlate
INFO,2025-10-29T23:49:39.423,InputGrab,BalancePlate
INFO,2025-10-29T23:49:39.449,InputGrabBreak,BalancePlate
INFO,2025-10-29T23:49:39.453,InputGrab,BalancePlate
INFO,2025-10-29T23:49:39.668,InputGrabBreak,BalancePlate
INFO,2025-10-29T23:49:40.231,InputGrab,Movable (3)
INFO,2025-10-29T23:49:41.405,InputGrabBreak,Movable (3)
INFO,2025-10-29T23:49:41.936,InputGrab,Bomb
INFO,2025-10-29T23:49:42.345,InputGrabBreak,Bomb
INFO,2025-10-29T23:49:42.871,InputGrab,Movable (2)
INFO,2025-10-29T23:49:43.278,InputGrabBreak,Movable (2)
INFO,2025-10-29T23:49:43.686,InputGrab,Movable (9)
INFO,2025-10-29T23:49:44.380,InputGrabBreak,Movable (9)
INFO,2025-10-29T23:49:45.213,InputGrab,Movable (9)
INFO,2025-10-29T23:49:45.838,InputGrabBreak,Movable (9)
INFO,2025-10-29T23:49:46.553,InputGrab,Movable (5)
INFO,2025-10-29T23:49:47.640,InputGrabBreak,Movable (5)
INFO,2025-10-29T23:49:47.874,InputGrab,BalancePlate
INFO,2025-10-29T23:49:48.442,InputGrabBreak,BalancePlate
INFO,2025-10-29T23:49:49.561,InputGrab,Bomb (2)
INFO,2025-10-29T23:49:49.904,InputGrabBreak,Bomb (2)
INFO,2025-10-29T23:49:50.684,InputGrab,Bomb (3)
INFO,2025-10-29T23:49:50.900,InputPushPull,Bomb (3)
INFO,2025-10-29T23:49:50.911,InputPushPull,Bomb (3)
INFO,2025-10-29T23:49:50.923,InputPushPull,Bomb (3)
INFO,2025-10-29T23:49:50.934,InputPushPull,Bomb (3)
INFO,2025-10-29T23:49:50.952,InputPushPull,Bomb (3)
INFO,2025-10-29T23:49:50.971,InputPushPull,Bomb (3)
INFO,2025-10-29T23:49:51.045,InputGrabBreak,Bomb (3)
INFO,2025-10-29T23:49:51.645,InputGrab,Bomb
INFO,2025-10-29T23:49:51.860,InputGrabBreak,Bomb
INFO,2025-10-29T23:49:52.251,InputGrab,BalancePlate
INFO,2025-10-29T23:49:53.333,InputGrabBreak,BalancePlate
INFO,2025-10-29T23:49:53.635,InputGrab,Bomb
INFO,2025-10-29T23:49:53.824,InputPushPull,Bomb
INFO,2025-10-29T23:49:53.826,CameraZoom,-1.000
INFO,2025-10-29T23:49:53.839,InputPushPull,Bomb
INFO,2025-10-29T23:49:53.842,CameraZoom,-1.000
INFO,2025-10-29T23:49:53.845,CameraRotate,"(-2.25,-9.25)"
INFO,2025-10-29T23:49:53.850,InputPushPull,Bomb
INFO,2025-10-29T23:49:53.857,InputPushPull,Bomb
INFO,2025-10-29T23:49:53.869,InputPushPull,Bomb
INFO,2025-10-29T23:49:53.877,InputPushPull,Bomb
INFO,2025-10-29T23:49:53.896,InputPushPull,Bomb
INFO,2025-10-29T23:49:53.940,InputPushPull,Bomb
INFO,2025-10-29T23:49:54.074,InputGrabBreak,Bomb
INFO,2025-10-29T23:49:54.498,InputGrab,BalancePlate
INFO,2025-10-29T23:49:55.076,InputGrabBreak,BalancePlate
INFO,2025-10-29T23:49:55.429,CameraZoom,1.000
INFO,2025-10-29T23:49:55.448,CameraZoom,1.000
INFO,2025-10-29T23:49:55.470,CameraZoom,1.000
INFO,2025-10-29T23:49:55.484,CameraZoom,1.000
INFO,2025-10-29T23:49:55.503,CameraZoom,1.000
INFO,2025-10-29T23:49:55.521,CameraZoom,1.000
INFO,2025-10-29T23:49:55.550,CameraZoom,1.000
INFO,2025-10-29T23:49:55.573,CameraZoom,1.000
INFO,2025-10-29T23:49:56.209,InputGrab,BalancePlate
INFO,2025-10-29T23:49:57.241,InputGrabBreak,BalancePlate
INFO,2025-10-29T23:49:59.206,CameraRotate,"(77.00,28.00)"
INFO,2025-10-29T23:49:59.717,InputGrab,BalancePlate
INFO,2025-10-29T23:50:00.039,InputPushPull,BalancePlate
INFO,2025-10-29T23:50:00.100,InputPushPull,BalancePlate
INFO,2025-10-29T23:50:00.459,InputPushPull,BalancePlate
INFO,2025-10-29T23:50:00.460,InputGrabBreak,BalancePlate
INFO,2025-10-29T23:50:01.317,InputGrab,BalancePlate
INFO,2025-10-29T23:50:01.991,InputPushPull,BalancePlate
INFO,2025-10-29T23:50:02.093,InputPushPull,BalancePlate
INFO,2025-10-29T23:50:02.149,InputPushPull,BalancePlate
INFO,2025-10-29T23:50:02.200,InputGrabBreak,BalancePlate
INFO,2025-10-29T23:50:02.724,InputGrab,BalancePlate
INFO,2025-10-29T23:50:03.710,InputPushPull,BalancePlate
INFO,2025-10-29T23:50:03.780,InputGrabBreak,BalancePlate
INFO,2025-10-29T23:50:03.792,CameraZoom,1.000
INFO,2025-10-29T23:50:03.861,CameraZoom,1.000
INFO,2025-10-29T23:50:04.688,InputGrab,BalancePlate
INFO,2025-10-29T23:50:05.420,InputPushPull,BalancePlate
INFO,2025-10-29T23:50:05.497,InputPushPull,BalancePlate
INFO,2025-10-29T23:50:05.521,InputGrabBreak,BalancePlate
INFO,2025-10-29T23:50:05.583,CameraZoom,1.000
INFO,2025-10-29T23:50:06.976,CameraRotate,"(-75.75,-6.00)"
INFO,2025-10-29T23:50:07.608,InputGrab,Bomb (1)
INFO,2025-10-29T23:50:08.121,InputGrabBreak,Bomb (1)
INFO,2025-10-29T23:50:08.773,InputGrab,BalancePlate
INFO,2025-10-29T23:50:08.861,InputGrabBreak,BalancePlate
INFO,2025-10-29T23:50:09.222,InputGrab,Bomb (1)
INFO,2025-10-29T23:50:09.320,InputGrabBreak,Bomb (1)
WARNING,2025-10-29T23:50:12.260,MissingManager,[ClearManager] GameManager가 없어 GameClear 로깅 실패
INFO,2025-10-29T23:50:13.750,CameraRotate,"(23.50,5.50)"
INFO,2025-10-29T23:50:15.356,StageStar,2
INFO,2025-10-29T23:50:15.356,StageClear,시소
INFO,2025-10-29T23:50:15.682,CameraRotate,"(-49.25,-35.25)"
INFO,2025-10-29T23:50:25.617,StageBegin,시소
INFO,2025-10-29T23:50:25.619,InputGrab,root
INFO,2025-10-29T23:50:27.037,InputGrab,Movable (3)
INFO,2025-10-29T23:50:27.248,InputGrabBreak,Movable (3)
INFO,2025-10-29T23:50:27.809,InputGrab,BalancePlate
INFO,2025-10-29T23:50:28.031,InputGrabBreak,BalancePlate
INFO,2025-10-29T23:50:28.332,InputGrab,Movable (1)
INFO,2025-10-29T23:50:28.587,InputGrabBreak,Movable (1)
INFO,2025-10-29T23:50:29.365,InputGrab,BalancePlate
INFO,2025-10-29T23:50:29.527,InputGrabBreak,BalancePlate
INFO,2025-10-29T23:50:30.743,InputGrab,BalancePlate
INFO,2025-10-29T23:50:30.887,InputGrabBreak,BalancePlate
INFO,2025-10-29T23:50:31.923,InputGrab,BalancePlate
INFO,2025-10-29T23:50:32.148,InputGrabBreak,BalancePlate
INFO,2025-10-29T23:50:34.999,InputGrab,BalancePlate
INFO,2025-10-29T23:50:35.428,InputGrabBreak,BalancePlate
INFO,2025-10-29T23:50:38.165,CameraRotate,"(-45.50,62.50)"
WARNING,2025-10-29T23:50:38.509,MissingManager,[ClearManager] GameManager가 없어 GameClear 로깅 실패
INFO,2025-10-29T23:50:40.803,CameraRotate,"(21.00,1.75)"
INFO,2025-10-29T23:50:41.613,StageStar,0
INFO,2025-10-29T23:50:41.613,StageClear,시소
